FileName	Keyword	Count
USA_25_1970.txt	U.S.	4
USA_25_1970.txt		32
USA_25_1970.txt	United Nations	6
USA_25_1970.txt	international problem	1
USA_25_1970.txt	strategic arms	1
USA_25_1970.txt	Vietnam	1
USA_25_1970.txt	bitterness	1
USA_25_1970.txt	UN	2
USA_25_1970.txt	Security Council	1
USA_25_1970.txt	United States	9
USA_25_1970.txt	General Assembly	1
USA_25_1970.txt	twenty	1
USA_25_1970.txt	world opinion	1
USA_25_1970.txt	ske	1
USA_25_1970.txt	Assembly	1
USA_25_1970.txt	Special Committee	1
USA_25_1970.txt	peacekeeping	1
USA_25_1970.txt	will	1
USA_25_1970.txt	settle	1
USA_25_1970.txt	hundreds	1
USA_25_1970.txt	Tokyo Convention	1
USA_25_1970.txt	United States Government	1
USA_25_1970.txt	prisoners of war	1
USA_25_1970.txt	colonial	1
USA_25_1970.txt	dependencies	1
USA_25_1970.txt	Government	1
USA_25_1970.txt	population growth	1
USA_25_1970.txt	proposals	1
USA_25_1970.txt	Secretary-	1
USA_25_1970.txt	ty	1
USA_25_1970.txt	establishing	1
USA_25_1970.txt	Nixon	1
USA_25_1970.txt	proposal	1
USA_25_1970.txt	membership	1
USA_25_1970.txt	states	1
USA_25_1970.txt	SecretaryGeneral	1
USA_25_1970.txt	disarmament	1
USA_26_1971.txt	United States	5
USA_26_1971.txt		15
USA_26_1971.txt	appropriate	1
USA_26_1971.txt	think	1
USA_26_1971.txt	progress	1
USA_26_1971.txt	Middle East	1
USA_26_1971.txt	diversification	1
USA_26_1971.txt	foreseeable future	1
USA_26_1971.txt	Berlin	1
USA_26_1971.txt	agreement	2
USA_26_1971.txt	obligations	1
USA_26_1971.txt	talks	1
USA_26_1971.txt	agreements	1
USA_26_1971.txt	U.S.	2
USA_26_1971.txt	road	1
USA_26_1971.txt	peace	2
USA_26_1971.txt	President Nixon	1
USA_26_1971.txt	policy	1
USA_26_1971.txt	economic	1
USA_26_1971.txt	China	2
USA_26_1971.txt	People	1
USA_26_1971.txt	proposal	1
USA_26_1971.txt	A'bania	1
USA_26_1971.txt	issue	1
USA_26_1971.txt	expulsion	1
USA_26_1971.txt	irony	1
USA_26_1971.txt	sentiment	1
USA_26_1971.txt	United Nations	2
USA_26_1971.txt	Assembly	2
USA_26_1971.txt	Secretary-	1
USA_26_1971.txt	events	1
USA_26_1971.txt	east p	1
USA_26_1971.txt	Security Council	1
USA_26_1971.txt	resolution	1
USA_26_1971.txt	conflict	1
USA_26_1971.txt	commitment	1
USA_26_1971.txt	interim	1
USA_26_1971.txt	Sue	1
USA_26_1971.txt	Suez Canal	2
USA_26_1971.txt	objective	1
USA_26_1971.txt	permanent	1
USA_26_1971.txt	interim agreement	2
USA_26_1971.txt	submit	1
USA_26_1971.txt	logic	1
USA_26_1971.txt	maintain	1
USA_27_1972.txt	United States	5
USA_27_1972.txt		16
USA_27_1972.txt	United Kingdom	1
USA_27_1972.txt	encouraged	1
USA_27_1972.txt	conference	1
USA_27_1972.txt	Europe	1
USA_27_1972.txt	U.S.	1
USA_27_1972.txt	Viet-N	1
USA_27_1972.txt	peace	1
USA_27_1972.txt	settlement	1
USA_27_1972.txt	no war	1
USA_27_1972.txt	no	1
USA_27_1972.txt	Ambassador Jar	1
USA_27_1972.txt	It	1
USA_27_1972.txt	both	1
USA_27_1972.txt	United Nations	5
USA_27_1972.txt	body	1
USA_27_1972.txt	commission	1
USA_27_1972.txt	good	1
USA_27_1972.txt	per capita growth	1
USA_27_1972.txt	Nixon	1
USA_27_1972.txt	government	1
USA_27_1972.txt	Munich	1
USA_27_1972.txt	issue	1
USA_27_1972.txt	war	1
USA_27_1972.txt	communications	1
USA_27_1972.txt	air	1
USA_27_1972.txt	General Assembly	1
USA_27_1972.txt	two	1
USA_27_1972.txt	nation	1
USA_27_1972.txt	hij	1
USA_27_1972.txt	treaty	1
USA_27_1972.txt	flexible	1
USA_27_1972.txt	treat	1
USA_28_1973.txt	Nixon	1
USA_28_1973.txt	congr	1
USA_28_1973.txt	country	1
USA_28_1973.txt	peace	1
USA_28_1973.txt		10
USA_28_1973.txt	rule of law	1
USA_28_1973.txt	stretegic	1
USA_28_1973.txt	Many	1
USA_28_1973.txt	countries	1
USA_28_1973.txt	world	2
USA_28_1973.txt	uneasy	1
USA_28_1973.txt	United States	5
USA_28_1973.txt	self-determ	1
USA_28_1973.txt	allies	1
USA_28_1973.txt	friends	1
USA_28_1973.txt	war	1
USA_28_1973.txt	threat	1
USA_28_1973.txt	demand	1
USA_28_1973.txt	energy	1
USA_28_1973.txt	community	1
USA_28_1973.txt	North Korea	1
USA_28_1973.txt	proposed	1
USA_28_1973.txt	rights	1
USA_28_1973.txt	scientific revolution	1
USA_28_1973.txt	77.	1
USA_28_1973.txt	effort	1
USA_29_1974.txt	U.S.	3
USA_29_1974.txt		21
USA_29_1974.txt	new realities	1
USA_29_1974.txt	world	3
USA_29_1974.txt	conflicts	1
USA_29_1974.txt	economy	1
USA_29_1974.txt	international cooperation	1
USA_29_1974.txt	building	1
USA_29_1974.txt	cooperative	1
USA_29_1974.txt	General Assembly	1
USA_29_1974.txt	problems	1
USA_29_1974.txt	peace	3
USA_29_1974.txt	process	1
USA_29_1974.txt	Assembly	1
USA_29_1974.txt	negotiating	1
USA_29_1974.txt	art	1
USA_29_1974.txt	negot	1
USA_29_1974.txt	body	1
USA_29_1974.txt	members	1
USA_29_1974.txt	United States	5
USA_29_1974.txt	nuclear	1
USA_29_1974.txt	challenge	1
USA_29_1974.txt	plutonium	1
USA_29_1974.txt	Treaty	1
USA_29_1974.txt	economic history	1
USA_29_1974.txt	economic crisis	1
USA_29_1974.txt	oil	2
USA_29_1974.txt	producers	1
USA_29_1974.txt	prices	1
USA_29_1974.txt	cost	1
USA_29_1974.txt	It	1
USA_29_1974.txt	cannot	1
USA_29_1974.txt	population growth	1
USA_29_1974.txt	nation	1
USA_29_1974.txt	Nations	1
USA_29_1974.txt	contribution	1
USA_29_1974.txt	confront	1
USA_29_1974.txt	meet	1
USA_29_1974.txt	go	1
USA_30_1975.txt	century	2
USA_30_1975.txt	war	1
USA_30_1975.txt		26
USA_30_1975.txt	self-	1
USA_30_1975.txt	nation	1
USA_30_1975.txt	group	1
USA_30_1975.txt	cooperation	1
USA_30_1975.txt	disput	1
USA_30_1975.txt	U.S.	1
USA_30_1975.txt	United States	15
USA_30_1975.txt	joint efforts	1
USA_30_1975.txt	ease	1
USA_30_1975.txt	Alliance	1
USA_30_1975.txt	relations	1
USA_30_1975.txt	recognition	1
USA_30_1975.txt	suspicion	1
USA_30_1975.txt	world	2
USA_30_1975.txt	confrontations	1
USA_30_1975.txt	hostility	1
USA_30_1975.txt	decades	1
USA_30_1975.txt	President Ford	1
USA_30_1975.txt	Sinai	1
USA_30_1975.txt	97	1
USA_30_1975.txt	ord	1
USA_30_1975.txt	Middle East	1
USA_30_1975.txt	yearning	1
USA_30_1975.txt	peace	1
USA_30_1975.txt	status quo	1
USA_30_1975.txt	settlement	1
USA_30_1975.txt	Cypriots	1
USA_30_1975.txt	Government	1
USA_30_1975.txt	Vladivost	1
USA_30_1975.txt	nuclear energy	1
USA_30_1975.txt	groups	1
USA_30_1975.txt	nations	1
USA_30_1975.txt	hijacking	1
USA_30_1975.txt	human rights	1
USA_30_1975.txt	race	1
USA_30_1975.txt	Organization	1
USA_30_1975.txt	human	1
USA_30_1975.txt	order	1
USA_31_1976.txt	Ambassador	1
USA_31_1976.txt		29
USA_31_1976.txt	United Nations	1
USA_31_1976.txt	Nations	1
USA_31_1976.txt	decisions	1
USA_31_1976.txt	statecraft	1
USA_31_1976.txt	restr	1
USA_31_1976.txt	United States	15
USA_31_1976.txt	U.S.	5
USA_31_1976.txt	peace	1
USA_31_1976.txt	balance	1
USA_31_1976.txt	Soviet arm	1
USA_31_1976.txt	Chinese	1
USA_31_1976.txt	interests	1
USA_31_1976.txt	Namibia	1
USA_31_1976.txt	African Pres	1
USA_31_1976.txt	Rhodesia	1
USA_31_1976.txt	North Korea	2
USA_31_1976.txt	Domestic pressures	1
USA_31_1976.txt	Cypriot	1
USA_31_1976.txt	industrial democracies	1
USA_31_1976.txt	developing	1
USA_31_1976.txt	nations	2
USA_31_1976.txt	IMF	1
USA_31_1976.txt	finance	1
USA_31_1976.txt	conference	1
USA_31_1976.txt	science	1
USA_31_1976.txt	debt	1
USA_31_1976.txt	body	1
USA_31_1976.txt	cooperation	1
USA_31_1976.txt	nuclear weapons	1
USA_31_1976.txt	energy crisis	1
USA_31_1976.txt	nuclear	1
USA_31_1976.txt	future	1
USA_31_1976.txt	planet	1
USA_31_1976.txt	reprocessing	1
USA_31_1976.txt	facilities	1
USA_31_1976.txt	negotiations	1
USA_31_1976.txt	ideology	1
USA_31_1976.txt	deb	1
USA_31_1976.txt	mining	1
USA_31_1976.txt	sites	1
USA_31_1976.txt	hijackings	1
USA_31_1976.txt	skyjackers	1
USA_31_1976.txt	human rights	1
USA_31_1976.txt	global	1
USA_31_1976.txt	Universal Declaration	1
USA_31_1976.txt	tesmanship	1
USA_31_1976.txt	crisis	1
USA_32_1977.txt	U.S.	3
USA_32_1977.txt		13
USA_32_1977.txt	nuclear weapons	2
USA_32_1977.txt	power	1
USA_32_1977.txt	world	2
USA_32_1977.txt	United States	5
USA_32_1977.txt	nations	2
USA_32_1977.txt	energy	1
USA_32_1977.txt	nuclear	1
USA_32_1977.txt	alternative fuel cycles	1
USA_32_1977.txt	arms	1
USA_32_1977.txt	supplier	1
USA_32_1977.txt	nation	1
USA_32_1977.txt	region	1
USA_32_1977.txt	United Nations	1
USA_32_1977.txt	South Africa	1
USA_32_1977.txt	Nam	1
USA_32_1977.txt	UN	2
USA_32_1977.txt	Security Council	1
USA_32_1977.txt	negotiations	1
USA_32_1977.txt	peace	1
USA_32_1977.txt	middle	1
USA_32_1977.txt	major powers	1
USA_32_1977.txt	restr	1
USA_32_1977.txt	Secretary-	1
USA_32_1977.txt	leadership	1
USA_33_1978.txt	Pope John Paul	1
USA_33_1978.txt	UN	2
USA_33_1978.txt	San Francisco	1
USA_33_1978.txt	nations	2
USA_33_1978.txt	future	1
USA_33_1978.txt	turning-points	1
USA_33_1978.txt	economic progress	1
USA_33_1978.txt		24
USA_33_1978.txt	common	1
USA_33_1978.txt	action	1
USA_33_1978.txt	elimination	1
USA_33_1978.txt	commodity arrangements	1
USA_33_1978.txt	policy	1
USA_33_1978.txt	United States	5
USA_33_1978.txt	Committee	1
USA_33_1978.txt	proced	1
USA_33_1978.txt	developing world	1
USA_33_1978.txt	recession	1
USA_33_1978.txt	developing countries	1
USA_33_1978.txt	common fund	1
USA_33_1978.txt	commod	1
USA_33_1978.txt	fund	1
USA_33_1978.txt	reduce	1
USA_33_1978.txt	U.S.	2
USA_33_1978.txt	Four	1
USA_33_1978.txt	years	1
USA_33_1978.txt	weather	1
USA_33_1978.txt	har	1
USA_33_1978.txt	expansion	1
USA_33_1978.txt	oil	1
USA_33_1978.txt	equitable	1
USA_33_1978.txt	solution	1
USA_33_1978.txt	United Nations	1
USA_33_1978.txt	food	1
USA_33_1978.txt	shelter	1
USA_33_1978.txt	human rights	1
USA_33_1978.txt	international	1
USA_33_1978.txt	refugee	1
USA_33_1978.txt	accords	1
USA_33_1978.txt	Camp	1
USA_33_1978.txt	negotiations	1
USA_33_1978.txt	Camp David Accords	2
USA_33_1978.txt	Camp David	1
USA_33_1978.txt	framework	2
USA_33_1978.txt	committee	1
USA_33_1978.txt	Middle East	1
USA_33_1978.txt	peace-	1
USA_33_1978.txt	President Carter	1
USA_33_1978.txt	prospects	1
USA_33_1978.txt	Nicarag	1
USA_33_1978.txt	sin	1
USA_33_1978.txt	nation	1
USA_33_1978.txt	encouraged	1
USA_33_1978.txt	measure	1
USA_33_1978.txt	progress	1
USA_34_1979.txt	assertion	1
USA_34_1979.txt	national	1
USA_34_1979.txt	world economic order	1
USA_34_1979.txt		13
USA_34_1979.txt	energy	1
USA_34_1979.txt	challenge	1
USA_34_1979.txt	East-West	1
USA_34_1979.txt	arms control	1
USA_34_1979.txt	agenda	1
USA_34_1979.txt	co-operative	1
USA_34_1979.txt	Middle East	1
USA_34_1979.txt	government	1
USA_34_1979.txt	peace	1
USA_34_1979.txt	U.S.	1
USA_34_1979.txt	Rhodesian	1
USA_34_1979.txt	contact	1
USA_34_1979.txt	group	1
USA_34_1979.txt	United States	2
USA_34_1979.txt	strategic stability	1
USA_34_1979.txt	Review Conference	1
USA_34_1979.txt	Part	1
USA_34_1979.txt	imprudence	1
USA_34_1979.txt	nations	1
USA_34_1979.txt	act	1
USA_34_1979.txt	President Carter	1
USA_34_1979.txt	Institute	2
USA_34_1979.txt	scientific	1
USA_34_1979.txt	Policy	1
USA_34_1979.txt	Inter-American Development	1
USA_34_1979.txt	oil-produ	1
USA_34_1979.txt	human rights	1
USA_34_1979.txt	progress	1
USA_34_1979.txt	UNESCO	1
USA_34_1979.txt	poor harv	1
USA_34_1979.txt	American	1
USA_34_1979.txt	harvest	1
USA_34_1979.txt	couples	1
USA_34_1979.txt	child	1
USA_34_1979.txt	Vigorous	1
USA_34_1979.txt	famine	1
USA_34_1979.txt	disease	1
USA_34_1979.txt	1980	1
USA_34_1979.txt	Financial	1
USA_34_1979.txt	proced	1
USA_34_1979.txt	109	1
USA_35_1980.txt	U.S.	5
USA_35_1980.txt	consensus	1
USA_35_1980.txt	procedures	1
USA_35_1980.txt	UN	1
USA_35_1980.txt	Secretary-	1
USA_35_1980.txt	United Nations	2
USA_35_1980.txt		16
USA_35_1980.txt	Afghanistan	1
USA_35_1980.txt	Palestinian problem	1
USA_35_1980.txt	United States	4
USA_35_1980.txt	Zimbabwe	1
USA_35_1980.txt	Iran	1
USA_35_1980.txt	security	1
USA_35_1980.txt	Islamic Republic	1
USA_35_1980.txt	Iranian	1
USA_35_1980.txt	period	1
USA_35_1980.txt	tension	1
USA_35_1980.txt	President Carter	1
USA_35_1980.txt	SALT III	1
USA_35_1980.txt	nuclear weapons	1
USA_35_1980.txt	human rights	1
USA_35_1980.txt	obligations	1
USA_35_1980.txt	refugee	1
USA_35_1980.txt	102	1
USA_36_1981.txt	United States	9
USA_36_1981.txt		21
USA_36_1981.txt	threats	1
USA_36_1981.txt	development	2
USA_36_1981.txt	issue	1
USA_36_1981.txt	life expectancy	1
USA_36_1981.txt	century	1
USA_36_1981.txt	poor	1
USA_36_1981.txt	middle tier	1
USA_36_1981.txt	developing	2
USA_36_1981.txt	countries	1
USA_36_1981.txt	industrialized	1
USA_36_1981.txt	Growth	1
USA_36_1981.txt	Rising	1
USA_36_1981.txt	protection	1
USA_36_1981.txt	banks	1
USA_36_1981.txt	loans	1
USA_36_1981.txt	strategy	1
USA_36_1981.txt	growth	1
USA_36_1981.txt	commercial relationships	1
USA_36_1981.txt	U.S.	2
USA_36_1981.txt	security	1
USA_36_1981.txt	United Nations	1
USA_36_1981.txt	Plans	1
USA_36_1981.txt	G	1
USA_36_1981.txt	American	1
USA_36_1981.txt	people	1
USA_36_1981.txt	difficulties	1
USA_37_1982.txt	Dag Hamm	1
USA_37_1982.txt	Meditation	1
USA_37_1982.txt	room	1
USA_37_1982.txt	language	1
USA_37_1982.txt	advance	1
USA_37_1982.txt		18
USA_37_1982.txt	man	1
USA_37_1982.txt	speak	1
USA_37_1982.txt	President Reagan	3
USA_37_1982.txt	realism	1
USA_37_1982.txt	strength	2
USA_37_1982.txt	reality	1
USA_37_1982.txt	illusion	1
USA_37_1982.txt	events	1
USA_37_1982.txt	Poland	1
USA_37_1982.txt	trading partners	1
USA_37_1982.txt	nuclear	1
USA_37_1982.txt	America	3
USA_37_1982.txt	yearning	1
USA_37_1982.txt	free	1
USA_37_1982.txt	American	2
USA_37_1982.txt	Marine	2
USA_37_1982.txt	U.S.	3
USA_37_1982.txt	growing	1
USA_37_1982.txt	economy	1
USA_37_1982.txt	implications	1
USA_37_1982.txt	debt	1
USA_37_1982.txt	bedrock	1
USA_37_1982.txt	United States	1
USA_37_1982.txt	Obama	1
USA_37_1982.txt	agony	1
USA_37_1982.txt	Middle	1
USA_37_1982.txt	region	1
USA_37_1982.txt	conflict	1
USA_37_1982.txt	Palestinian	1
USA_37_1982.txt	nuclear pro	1
USA_37_1982.txt	nuclear weapons	1
USA_37_1982.txt	assert	1
USA_37_1982.txt	easy	1
USA_37_1982.txt	leaders	1
USA_37_1982.txt	responsibility	1
USA_37_1982.txt	Carpibbean	1
USA_37_1982.txt	trouble	1
USA_37_1982.txt	optim	1
USA_38_1983.txt	United Nations	2
USA_38_1983.txt		13
USA_38_1983.txt	founders	1
USA_38_1983.txt	values	1
USA_38_1983.txt	violent conflicts	1
USA_38_1983.txt	nuclear war	1
USA_38_1983.txt	United States	5
USA_38_1983.txt	elimination	1
USA_38_1983.txt	U.S.	2
USA_38_1983.txt	Korean a	1
USA_38_1983.txt	peace	1
USA_38_1983.txt	arms	1
USA_38_1983.txt	Soviet Union	1
USA_38_1983.txt	blocs	1
USA_38_1983.txt	UN	1
USA_38_1983.txt	peace-	1
USA_38_1983.txt	policy	1
USA_38_1983.txt	diseng	1
USA_38_1983.txt	Africa	1
USA_38_1983.txt	Economic	1
USA_38_1983.txt	moral	1
USA_38_1983.txt	outrage	1
USA_38_1983.txt	President	1
USA_38_1983.txt	D	1
USA_38_1983.txt	era	1
USA_38_1983.txt	armaments	1
USA_38_1983.txt	dreams	1
USA_39_1984.txt	President	1
USA_39_1984.txt	United	2
USA_39_1984.txt	future	1
USA_39_1984.txt	hope	1
USA_39_1984.txt		19
USA_39_1984.txt	people	1
USA_39_1984.txt	world	1
USA_39_1984.txt	U.S.	7
USA_39_1984.txt	Obama	1
USA_39_1984.txt	progressive	1
USA_39_1984.txt	freedom	1
USA_39_1984.txt	barg	1
USA_39_1984.txt	peace	1
USA_39_1984.txt	groups	1
USA_39_1984.txt	United States	5
USA_39_1984.txt	diplomacy	1
USA_39_1984.txt	South Africa	1
USA_39_1984.txt	Ang	1
USA_39_1984.txt	El Salvador	1
USA_39_1984.txt	Nic	1
USA_39_1984.txt	Lebanon	1
USA_39_1984.txt	1983	1
USA_39_1984.txt	lesson	1
USA_39_1984.txt	experience	1
USA_39_1984.txt	General Assembly	1
USA_39_1984.txt	embark	1
USA_39_1984.txt	consult	1
USA_39_1984.txt	spheres	1
USA_39_1984.txt	hotline	1
USA_39_1984.txt	communications	1
USA_39_1984.txt	talks	1
USA_39_1984.txt	end	1
USA_39_1984.txt	arms control	1
USA_39_1984.txt	international	1
USA_39_1984.txt	Soviet Union	2
USA_39_1984.txt	catalogue	1
USA_39_1984.txt	year	1
USA_39_1984.txt	tyrants	1
USA_39_1984.txt	Gandhi	1
USA_39_1984.txt	Thomas Paine	1
USA_40_1985.txt	Government	1
USA_40_1985.txt		19
USA_40_1985.txt	earth	1
USA_40_1985.txt	shaking	1
USA_40_1985.txt	United Nations	1
USA_40_1985.txt	justice	1
USA_40_1985.txt	freedom	1
USA_40_1985.txt	Second World War	1
USA_40_1985.txt	empires	1
USA_40_1985.txt	post	1
USA_40_1985.txt	peace	1
USA_40_1985.txt	government	2
USA_40_1985.txt	Central America	2
USA_40_1985.txt	Nicarag	1
USA_40_1985.txt	people	1
USA_40_1985.txt	region	1
USA_40_1985.txt	democratic revolution	1
USA_40_1985.txt	Soviet forces	1
USA_40_1985.txt	Cambodia	1
USA_40_1985.txt	suffer	1
USA_40_1985.txt	political	1
USA_40_1985.txt	Middle East	1
USA_40_1985.txt	Iranian	1
USA_40_1985.txt	Korean pen	1
USA_40_1985.txt	terrorism	1
USA_40_1985.txt	UN	1
USA_40_1985.txt	Congress	1
USA_40_1985.txt	difficulties	1
USA_40_1985.txt	United States	3
USA_40_1985.txt	progress	1
USA_40_1985.txt	Geneva	1
USA_40_1985.txt	President	2
USA_40_1985.txt	decision	1
USA_40_1985.txt	July	1
USA_40_1985.txt	strategy	1
USA_40_1985.txt	offensive	1
USA_40_1985.txt	co-operate	1
USA_40_1985.txt	Soviets	1
USA_40_1985.txt	command economies	1
USA_40_1985.txt	ASEAN	1
USA_40_1985.txt	regional	1
USA_40_1985.txt	India	1
USA_40_1985.txt	China	1
USA_40_1985.txt	drought	1
USA_40_1985.txt	adjustment	1
USA_40_1985.txt	necessary	1
USA_40_1985.txt	trade	1
USA_40_1985.txt	expansion	1
USA_40_1985.txt	trading	1
USA_40_1985.txt	mutual	1
USA_40_1985.txt	U.S.	1
USA_40_1985.txt	problems	1
USA_40_1985.txt	Charter	1
USA_40_1985.txt	goals	1
USA_40_1985.txt	communications revolution	1
USA_41_1986.txt	United Nations	1
USA_41_1986.txt		14
USA_41_1986.txt	UN	2
USA_41_1986.txt	peace-	1
USA_41_1986.txt	Assembly	1
USA_41_1986.txt	Soviet Union	3
USA_41_1986.txt	government	2
USA_41_1986.txt	views	1
USA_41_1986.txt	pall	1
USA_41_1986.txt	relations	1
USA_41_1986.txt	Gennadi Z	1
USA_41_1986.txt	U.S.	4
USA_41_1986.txt	ice	1
USA_41_1986.txt	negotiating	1
USA_41_1986.txt	United States	6
USA_41_1986.txt	Treaty	1
USA_41_1986.txt	eliminating	1
USA_41_1986.txt	Marxist-	1
USA_41_1986.txt	talks	1
USA_41_1986.txt	war	1
USA_41_1986.txt	We	1
USA_41_1986.txt	power	1
USA_41_1986.txt	Africa	1
USA_41_1986.txt	productivity	1
USA_41_1986.txt	human rights	1
USA_41_1986.txt	Secretary-	1
USA_41_1986.txt	forward strategy	1
USA_41_1986.txt	freedom	1
USA_41_1986.txt	Faulkner	1
USA_41_1986.txt	pity	1
USA_41_1986.txt	sacrifice	1
USA_42_1987.txt	hundreds	1
USA_42_1987.txt		14
USA_42_1987.txt	Obama	1
USA_42_1987.txt	states	1
USA_42_1987.txt	Philippines	1
USA_42_1987.txt	Latin America	1
USA_42_1987.txt	India	1
USA_42_1987.txt	China	1
USA_42_1987.txt	free markets	1
USA_42_1987.txt	services	1
USA_42_1987.txt	Colombia	1
USA_42_1987.txt	Peru	1
USA_42_1987.txt	underground	1
USA_42_1987.txt	free market	1
USA_42_1987.txt	development	1
USA_42_1987.txt	America	2
USA_42_1987.txt	vision	1
USA_42_1987.txt	Iran	1
USA_42_1987.txt	Iraq	1
USA_42_1987.txt	United States	2
USA_42_1987.txt	naval	1
USA_42_1987.txt	presence	1
USA_42_1987.txt	world	2
USA_42_1987.txt	community	2
USA_42_1987.txt	Soviet Union	2
USA_42_1987.txt	billion	1
USA_42_1987.txt	dollars	1
USA_42_1987.txt	stranglehold	1
USA_42_1987.txt	quest	1
USA_42_1987.txt	peace	1
USA_42_1987.txt	Soviet	1
USA_42_1987.txt	arms reduction	1
USA_42_1987.txt	strategic	1
USA_42_1987.txt	Soviets	1
USA_42_1987.txt	United Nations	2
USA_42_1987.txt	UN	1
USA_42_1987.txt	Secretary-	1
USA_42_1987.txt	obsession	1
USA_42_1987.txt	ant	1
USA_42_1987.txt	constitution	1
USA_43_1988.txt	peace	3
USA_43_1988.txt	Pers	1
USA_43_1988.txt	East	1
USA_43_1988.txt	West	1
USA_43_1988.txt	differences	1
USA_43_1988.txt		12
USA_43_1988.txt	Mr. Secretary-	1
USA_43_1988.txt	negotiators	1
USA_43_1988.txt	meeting	1
USA_43_1988.txt	Gen	1
USA_43_1988.txt	Gorbachev	1
USA_43_1988.txt	League of Nations	1
USA_43_1988.txt	United Nations	2
USA_43_1988.txt	fortieth	1
USA_43_1988.txt	human	1
USA_43_1988.txt	human rights	1
USA_43_1988.txt	UN	4
USA_43_1988.txt	Secretary-	2
USA_43_1988.txt	Gulf War	1
USA_43_1988.txt	Security Council	1
USA_43_1988.txt	resolution	1
USA_43_1988.txt	accord	1
USA_43_1988.txt	governments	1
USA_43_1988.txt	Cambodia	1
USA_43_1988.txt	Mediterranean	1
USA_43_1988.txt	Nicarag	1
USA_43_1988.txt	Congress	1
USA_43_1988.txt	arms reduction	1
USA_43_1988.txt	IN	1
USA_43_1988.txt	nuclear arms	1
USA_43_1988.txt	defensive systems	1
USA_43_1988.txt	chemical weapons	1
USA_43_1988.txt	chemical warfare	1
USA_43_1988.txt	Rut	1
USA_43_1988.txt	progress	1
USA_43_1988.txt	reform	1
USA_43_1988.txt	free-market	1
USA_43_1988.txt	lesson	1
USA_43_1988.txt	world	1
USA_43_1988.txt	cooperation	1
USA_43_1988.txt	cycle	1
USA_43_1988.txt	truth	1
USA_43_1988.txt	morning	1
USA_43_1988.txt	thoughts	1
USA_43_1988.txt	grow	1
USA_43_1988.txt	weary	1
USA_43_1988.txt	music	1
USA_43_1988.txt	freedom	1
USA_44_1989.txt	homecoming	1
USA_44_1989.txt	Barbara	1
USA_44_1989.txt	representative	1
USA_44_1989.txt		16
USA_44_1989.txt	United Nations	2
USA_44_1989.txt	Lieutenant-	1
USA_44_1989.txt	freedom	3
USA_44_1989.txt	march	1
USA_44_1989.txt	United States	2
USA_44_1989.txt	world	1
USA_44_1989.txt	moment	1
USA_44_1989.txt	developing countries	1
USA_44_1989.txt	International Monetary	1
USA_44_1989.txt	learn	1
USA_44_1989.txt	potential	1
USA_44_1989.txt	U.S.	2
USA_44_1989.txt	nations	1
USA_44_1989.txt	chemical	2
USA_44_1989.txt	monitoring	1
USA_44_1989.txt	agreements	1
USA_44_1989.txt	challenge	1
USA_44_1989.txt	illegal drugs	1
USA_44_1989.txt	terrorism	1
USA_44_1989.txt	democracy	1
USA_44_1989.txt	Hall	1
USA_44_1989.txt	representatives	1
USA_44_1989.txt	President Obama	1
USA_44_1989.txt	Mr.	1
USA_44_1989.txt	President	1
USA_45_1990.txt	President	1
USA_45_1990.txt	United	1
USA_45_1990.txt	revolution	1
USA_45_1990.txt		13
USA_45_1990.txt	United Nations	5
USA_45_1990.txt	long	1
USA_45_1990.txt	twil	1
USA_45_1990.txt	cold war	1
USA_45_1990.txt	world	1
USA_45_1990.txt	quarrel	1
USA_45_1990.txt	key	1
USA_45_1990.txt	task	1
USA_45_1990.txt	Iraq	1
USA_45_1990.txt	United States	1
USA_45_1990.txt	nuclear weapons	1
USA_45_1990.txt	General Assembly	2
USA_45_1990.txt	fifty	1
USA_45_1990.txt	Olympics	1
USA_45_1990.txt	challenge	1
USA_45_1990.txt	session	1
USA_45_1990.txt	Nations	1
USA_45_1990.txt	consensus	1
USA_45_1990.txt	building	1
USA_45_1990.txt	initiatives	1
USA_46_1991.txt	President	1
USA_46_1991.txt	Gu	1
USA_46_1991.txt	United Nations	4
USA_46_1991.txt		11
USA_46_1991.txt	communism	1
USA_46_1991.txt	history	1
USA_46_1991.txt	information revolution	1
USA_46_1991.txt	weapons	1
USA_46_1991.txt	free markets	1
USA_46_1991.txt	prosper	1
USA_46_1991.txt	free	1
USA_46_1991.txt	open	1
USA_46_1991.txt	coup plotters	1
USA_46_1991.txt	Soviet Union	1
USA_46_1991.txt	Zionism	1
USA_46_1991.txt	Charter	1
USA_46_1991.txt	human	1
USA_46_1991.txt	renewal	1
USA_46_1991.txt	conflict	1
USA_46_1991.txt	terror	1
USA_46_1991.txt	Saddam	1
USA_46_1991.txt	This	1
USA_46_1991.txt	not	1
USA_46_1991.txt	UN	1
USA_46_1991.txt	freedom	1
USA_46_1991.txt	future	1
USA_46_1991.txt	undefined	1
USA_47_1992.txt	forty-seven	1
USA_47_1992.txt	body	1
USA_47_1992.txt	forum	1
USA_47_1992.txt		15
USA_47_1992.txt	nuclear	1
USA_47_1992.txt	General Assembly	1
USA_47_1992.txt	session	1
USA_47_1992.txt	UN	1
USA_47_1992.txt	Secretary-	1
USA_47_1992.txt	peace-keeping	1
USA_47_1992.txt	United States	5
USA_47_1992.txt	peace-keep	1
USA_47_1992.txt	bloody battles	1
USA_47_1992.txt	Secretary-General	1
USA_47_1992.txt	Fiji	1
USA_47_1992.txt	Norway	1
USA_47_1992.txt	Fourthly	1
USA_47_1992.txt	U.S.	2
USA_47_1992.txt	Security Council	1
USA_47_1992.txt	non	1
USA_47_1992.txt	suppliers clubs	1
USA_47_1992.txt	economic growth	1
USA_47_1992.txt	foreign aid	1
USA_47_1992.txt	nation	1
USA_47_1992.txt	private	1
USA_47_1992.txt	Agency for International	1
USA_47_1992.txt	loss	1
USA_47_1992.txt	familiar	1
USA_47_1992.txt	peaceful	1
USA_48_1993.txt	Mr Secretary-General	1
USA_48_1993.txt	UN	2
USA_48_1993.txt	Secretary-	1
USA_48_1993.txt	Russia	1
USA_48_1993.txt	President	1
USA_48_1993.txt	beyond	1
USA_48_1993.txt	nations	1
USA_48_1993.txt	Angola	1
USA_48_1993.txt	C	1
USA_48_1993.txt	Hunger	1
USA_48_1993.txt		16
USA_48_1993.txt	Organization	1
USA_48_1993.txt	founded	1
USA_48_1993.txt	political pressures	1
USA_48_1993.txt	U.S.	4
USA_48_1993.txt	United States	3
USA_48_1993.txt	democracy	2
USA_48_1993.txt	free market	1
USA_48_1993.txt	democr	1
USA_48_1993.txt	proliferation	1
USA_48_1993.txt	weapons of	1
USA_48_1993.txt	non-prolifer	1
USA_48_1993.txt	plutonium	1
USA_48_1993.txt	chemical weapons	1
USA_48_1993.txt	export control	1
USA_48_1993.txt	United	2
USA_48_1993.txt	cold war	1
USA_48_1993.txt	Somalia	1
USA_48_1993.txt	Cambodia	1
USA_48_1993.txt	United Nations	1
USA_48_1993.txt	assessment	1
USA_48_1993.txt	system	1
USA_48_1993.txt	reform	1
USA_48_1993.txt	human rights	1
USA_48_1993.txt	torture	1
USA_48_1993.txt	3000	1
USA_48_1993.txt	compelled	1
USA_48_1993.txt	children	1
USA_48_1993.txt	human race	1
USA_48_1993.txt	population	1
USA_48_1993.txt	history	1
USA_48_1993.txt	opportunity	1
USA_48_1993.txt	believe	1
USA_48_1993.txt	know	1
USA_49_1994.txt	President	1
USA_49_1994.txt	Bar	1
USA_49_1994.txt	Three	1
USA_49_1994.txt	times	1
USA_49_1994.txt		16
USA_49_1994.txt	cold war	1
USA_49_1994.txt	dangers	1
USA_49_1994.txt	form	1
USA_49_1994.txt	Disease	1
USA_49_1994.txt	U.S.	2
USA_49_1994.txt	corner	1
USA_49_1994.txt	global	1
USA_49_1994.txt	democracy	2
USA_49_1994.txt	potential	1
USA_49_1994.txt	failure	1
USA_49_1994.txt	hard questions	1
USA_49_1994.txt	er	1
USA_49_1994.txt	nuclear	1
USA_49_1994.txt	United States	3
USA_49_1994.txt	world	1
USA_49_1994.txt	land-	1
USA_49_1994.txt	NATO	2
USA_49_1994.txt	North America	1
USA_49_1994.txt	UN	3
USA_49_1994.txt	Secretary-	1
USA_49_1994.txt	Congress	1
USA_49_1994.txt	refugees	1
USA_49_1994.txt	secretary-	1
USA_50_1995.txt	General Assembly	1
USA_50_1995.txt	New	1
USA_50_1995.txt	U.S.	2
USA_50_1995.txt		16
USA_50_1995.txt	United Nations	6
USA_50_1995.txt	Under-Secretary	1
USA_50_1995.txt	UN	2
USA_50_1995.txt	abuse	1
USA_50_1995.txt	President	1
USA_50_1995.txt	administration	1
USA_50_1995.txt	peace-	1
USA_50_1995.txt	international community	1
USA_50_1995.txt	Bosnia	1
USA_50_1995.txt	new technologies	1
USA_50_1995.txt	terror	1
USA_50_1995.txt	United States	2
USA_50_1995.txt	Treaty	1
USA_50_1995.txt	President Yel	1
USA_50_1995.txt	President Clinton	1
USA_50_1995.txt	Saddam Hus	1
USA_50_1995.txt	proliferation	1
USA_50_1995.txt	crime	2
USA_50_1995.txt	young	1
USA_50_1995.txt	corruption	1
USA_50_1995.txt	environment	1
USA_50_1995.txt	sustainability	1
USA_51_1996.txt	United Nations	1
USA_51_1996.txt		11
USA_51_1996.txt	week	1
USA_51_1996.txt	place	1
USA_51_1996.txt	Comprehensive	1
USA_51_1996.txt	Treaty	1
USA_51_1996.txt	nuclear	1
USA_51_1996.txt	US	1
USA_51_1996.txt	priority	1
USA_51_1996.txt	outlaw state	1
USA_51_1996.txt	nuclear weapons	1
USA_51_1996.txt	President Obama	1
USA_51_1996.txt	President Kennedy	1
USA_51_1996.txt	Americas	1
USA_51_1996.txt	nations	1
USA_51_1996.txt	UN	2
USA_51_1996.txt	Security Council	1
USA_51_1996.txt	Americans	1
USA_51_1996.txt	United	1
USA_51_1996.txt	United States	1
USA_51_1996.txt	zero tolerance	1
USA_51_1996.txt	aggress	1
USA_51_1996.txt	U.S.	1
USA_51_1996.txt	Secretary-	1
USA_51_1996.txt	$100	1
USA_51_1996.txt	plutonium	1
USA_51_1996.txt	solemn	1
USA_52_1997.txt	five years ago	1
USA_52_1997.txt		12
USA_52_1997.txt	information age	1
USA_52_1997.txt	barriers	1
USA_52_1997.txt	change	1
USA_52_1997.txt	fear	1
USA_52_1997.txt	Nations	1
USA_52_1997.txt	strategy	1
USA_52_1997.txt	NATO	1
USA_52_1997.txt	United Nations	4
USA_52_1997.txt	1945	1
USA_52_1997.txt	UN	1
USA_52_1997.txt	peace	1
USA_52_1997.txt	Security Council	1
USA_52_1997.txt	minister	1
USA_52_1997.txt	Assembly	1
USA_52_1997.txt	two years	1
USA_52_1997.txt	global criminal syndicates	1
USA_52_1997.txt	Nuclear-	1
USA_52_1997.txt	human rights	1
USA_52_1997.txt	reality	1
USA_52_1997.txt	United States	2
USA_52_1997.txt	millions	1
USA_52_1997.txt	education	1
USA_52_1997.txt	Ted Turner	1
USA_52_1997.txt	U.S.	1
USA_52_1997.txt	century	1
USA_52_1997.txt	millenn	1
USA_53_1998.txt	United Nations	1
USA_53_1998.txt		8
USA_53_1998.txt	U.S.	2
USA_53_1998.txt	U.N.	1
USA_53_1998.txt	terrorism	3
USA_53_1998.txt	Japan	1
USA_53_1998.txt	sar	1
USA_53_1998.txt	terror	2
USA_53_1998.txt	problem	1
USA_53_1998.txt	bomb	1
USA_53_1998.txt	bombs	1
USA_53_1998.txt	Northern Ireland	1
USA_53_1998.txt	Omagh bombing	1
USA_53_1998.txt	Poverty	1
USA_53_1998.txt	inequality	1
USA_53_1998.txt	quarter	1
USA_53_1998.txt	population	1
USA_53_1998.txt	President Barack	1
USA_53_1998.txt	embassy	1
USA_53_1998.txt	Agency for International	1
USA_53_1998.txt	fight	1
USA_53_1998.txt	easy	1
USA_53_1998.txt	It	1
USA_53_1998.txt	necessary	1
USA_54_1999.txt	General Assembly	1
USA_54_1999.txt	twentieth	1
USA_54_1999.txt	millennium	2
USA_54_1999.txt		15
USA_54_1999.txt	Will	1
USA_54_1999.txt	fear	1
USA_54_1999.txt	trade	2
USA_54_1999.txt	technology	1
USA_54_1999.txt	open markets	1
USA_54_1999.txt	advance	1
USA_54_1999.txt	aid	1
USA_54_1999.txt	climate change	1
USA_54_1999.txt	AIDS	1
USA_54_1999.txt	death	1
USA_54_1999.txt	U.S.	4
USA_54_1999.txt	public-health	1
USA_54_1999.txt	UN	2
USA_54_1999.txt	ethnic cle	1
USA_54_1999.txt	NATO	3
USA_54_1999.txt	Soviet Union	1
USA_54_1999.txt	nuclear weapons	1
USA_54_1999.txt	Iraq	1
USA_54_1999.txt	United States	1
USA_54_1999.txt	United Nations	1
USA_54_1999.txt	humanity	1
USA_55_2000.txt	body	1
USA_55_2000.txt	culture	1
USA_55_2000.txt		10
USA_55_2000.txt	weapons	1
USA_55_2000.txt	community	1
USA_55_2000.txt	international	1
USA_55_2000.txt	UN	2
USA_55_2000.txt	success	1
USA_55_2000.txt	Internal Oversight	1
USA_55_2000.txt	peacekeeping	1
USA_55_2000.txt	training	1
USA_55_2000.txt	peace	1
USA_55_2000.txt	U.N.	1
USA_55_2000.txt	United Nations	2
USA_55_2000.txt	Security Council	1
USA_55_2000.txt	resolution	1
USA_55_2000.txt	Millennium Sum	1
USA_55_2000.txt	speaking	1
USA_55_2000.txt	out	1
USA_55_2000.txt	summer	1
USA_55_2000.txt	Poland	1
USA_55_2000.txt	democracy	1
USA_55_2000.txt	men	1
USA_55_2000.txt	women	1
USA_55_2000.txt	grieved	1
USA_55_2000.txt	cooperation	1
USA_55_2000.txt	months	1
USA_56_2001.txt	civilization	1
USA_56_2001.txt		12
USA_56_2001.txt	9/11	1
USA_56_2001.txt	Sheikh	1
USA_56_2001.txt	Al	1
USA_56_2001.txt	terrorists	2
USA_56_2001.txt	few	1
USA_56_2001.txt	countries	1
USA_56_2001.txt	United Nations	1
USA_56_2001.txt	conspiracies	1
USA_56_2001.txt	Governments	1
USA_56_2001.txt	women	1
USA_56_2001.txt	execute	1
USA_56_2001.txt	Afghanistan	1
USA_56_2001.txt	United States	1
USA_56_2001.txt	UN	1
USA_56_2001.txt	Security Council	1
USA_56_2001.txt	war	1
USA_56_2001.txt	terror	1
USA_56_2001.txt	country	1
USA_56_2001.txt	education	1
USA_56_2001.txt	steps	1
USA_56_2001.txt	courage	1
USA_56_2001.txt	freedom	1
USA_56_2001.txt	fear	1
USA_56_2001.txt	task	1
USA_56_2001.txt	generation	1
USA_57_2002.txt	United Nations	3
USA_57_2002.txt		17
USA_57_2002.txt	United States	3
USA_57_2002.txt	UN	2
USA_57_2002.txt	Secretary-	1
USA_57_2002.txt	Iraq	7
USA_57_2002.txt	Security Council	1
USA_57_2002.txt	U.N.	1
USA_57_2002.txt	1991	1
USA_57_2002.txt	U.S.	2
USA_57_2002.txt	If	1
USA_57_2002.txt	fail	1
USA_57_2002.txt	responsibilities	1
USA_57_2002.txt	capt	1
USA_58_2003.txt	24 months	1
USA_58_2003.txt		17
USA_58_2003.txt	America	2
USA_58_2003.txt	colleagues	1
USA_58_2003.txt	Governments	1
USA_58_2003.txt	Saddam H	2
USA_58_2003.txt	UN	1
USA_58_2003.txt	Afghanistan	2
USA_58_2003.txt	NATO	1
USA_58_2003.txt	Iraq	2
USA_58_2003.txt	coalition	2
USA_58_2003.txt	democratic institutions	1
USA_58_2003.txt	weapons	1
USA_58_2003.txt	G-8	1
USA_58_2003.txt	determined	1
USA_58_2003.txt	United States	1
USA_58_2003.txt	human beings	1
USA_58_2003.txt	borders	1
USA_58_2003.txt	Protect Act	1
USA_58_2003.txt	nations	1
USA_58_2003.txt	crime	1
USA_58_2003.txt	United Nations	1
USA_59_2004.txt	United States	2
USA_59_2004.txt		15
USA_59_2004.txt	UN	2
USA_59_2004.txt	US	1
USA_59_2004.txt	security	1
USA_59_2004.txt	century	2
USA_59_2004.txt	terrorists	1
USA_59_2004.txt	Svetlana	1
USA_59_2004.txt	dictator	1
USA_59_2004.txt	coalition	1
USA_59_2004.txt	America	1
USA_59_2004.txt	$1	1
USA_59_2004.txt	GeneralAssembly	1
USA_59_2004.txt	draft	1
USA_59_2004.txt	U.S.	2
USA_59_2004.txt	G-8	1
USA_59_2004.txt	Security Council	1
USA_59_2004.txt	resolution	1
USA_59_2004.txt	democratic	1
USA_59_2004.txt	institutions	1
USA_59_2004.txt	members	1
USA_59_2004.txt	Afghan	1
USA_59_2004.txt	citizens	1
USA_59_2004.txt	Prime Minister All	1
USA_59_2004.txt	Coalition	1
USA_59_2004.txt	President Barack	1
USA_59_2004.txt	Democratic reform	1
USA_59_2004.txt	Arab states	1
USA_59_2004.txt	liberty	1
USA_60_2005.txt	leaders	1
USA_60_2005.txt	change	1
USA_60_2005.txt	United Nations	6
USA_60_2005.txt		11
USA_60_2005.txt	1945	1
USA_60_2005.txt	time	1
USA_60_2005.txt	member	1
USA_60_2005.txt	President Bush	1
USA_60_2005.txt	democracy	1
USA_60_2005.txt	United States	1
USA_60_2005.txt	Iran	1
USA_60_2005.txt	nuclear	1
USA_60_2005.txt	Let	1
USA_60_2005.txt	commit	1
USA_61_2006.txt	America	2
USA_61_2006.txt	world	1
USA_61_2006.txt		15
USA_61_2006.txt	five	1
USA_61_2006.txt	years	1
USA_61_2006.txt	human	1
USA_61_2006.txt	family	1
USA_61_2006.txt	Middle East	1
USA_61_2006.txt	more than 5	1
USA_61_2006.txt	democratic changes	1
USA_61_2006.txt	Al-Shaba	1
USA_61_2006.txt	voice	1
USA_61_2006.txt	future	1
USA_61_2006.txt	country	1
USA_61_2006.txt	peace	1
USA_61_2006.txt	coalition	1
USA_61_2006.txt	courage	1
USA_61_2006.txt	Lebanon	1
USA_61_2006.txt	U.S.	2
USA_61_2006.txt	Iran	1
USA_61_2006.txt	nuclear	1
USA_61_2006.txt	regime	1
USA_61_2006.txt	Kh	1
USA_61_2006.txt	Palestinian	1
USA_61_2006.txt	Hamas	1
USA_61_2006.txt	government	1
USA_61_2006.txt	Secretary of State	1
USA_61_2006.txt	beirut	1
USA_61_2006.txt	support	1
USA_61_2006.txt	dreams	1
USA_62_2007.txt	Sixty	1
USA_62_2007.txt		11
USA_62_2007.txt	United Nations	3
USA_62_2007.txt	human beings	1
USA_62_2007.txt	equality	1
USA_62_2007.txt	Lebanon	2
USA_62_2007.txt	U.S.	2
USA_62_2007.txt	Zimbabwe	1
USA_62_2007.txt	UN	1
USA_62_2007.txt	Darfur	1
USA_62_2007.txt	America	2
USA_62_2007.txt	food assistance	1
USA_62_2007.txt	Global Fund	1
USA_62_2007.txt	Govern	1
USA_62_2007.txt	disease	1
USA_62_2007.txt	education	1
USA_62_2007.txt	teachers	1
USA_62_2007.txt	international community	1
USA_62_2007.txt	Wi1	1
USA_62_2007.txt	United States	1
USA_62_2007.txt	commitment	1
USA_62_2007.txt	courage	1
USA_63_2008.txt	United Nations	3
USA_63_2008.txt		15
USA_63_2008.txt	They	1
USA_63_2008.txt	reject	1
USA_63_2008.txt	Assembly	1
USA_63_2008.txt	nations	2
USA_63_2008.txt	UN	4
USA_63_2008.txt	multil	1
USA_63_2008.txt	cause	1
USA_63_2008.txt	life	1
USA_63_2008.txt	slavery	1
USA_63_2008.txt	Saudi	1
USA_63_2008.txt	proliferation	1
USA_63_2008.txt	history	1
USA_63_2008.txt	citizens	1
USA_63_2008.txt	Orange Revolution	1
USA_63_2008.txt	decision	1
USA_63_2008.txt	Iraq	1
USA_63_2008.txt	Russia	1
USA_63_2008.txt	Georgia	1
USA_63_2008.txt	extremists	1
USA_63_2008.txt	nation	1
USA_63_2008.txt	foreign	1
USA_63_2008.txt	Obama	1
USA_63_2008.txt	five years ago	1
USA_63_2008.txt	trade	1
USA_63_2008.txt	investment	1
USA_63_2008.txt	U.S.	1
USA_63_2008.txt	confident	1
USA_63_2008.txt	urgent	1
USA_63_2008.txt	Together	1
USA_63_2008.txt	liberty	1
USA_64_2009.txt	President	2
USA_64_2009.txt	Bar	2
USA_64_2009.txt	President Barack	2
USA_64_2009.txt	nations	1
USA_64_2009.txt	people	1
USA_64_2009.txt	Afghanistan	1
USA_64_2009.txt		17
USA_64_2009.txt	US	1
USA_64_2009.txt	Russia	1
USA_64_2009.txt	climate	1
USA_64_2009.txt	negotiations	1
USA_64_2009.txt	America	3
USA_64_2009.txt	UN	1
USA_64_2009.txt	We	1
USA_64_2009.txt	engagement	1
USA_64_2009.txt	Franklin Roosevelt	1
USA_64_2009.txt	Power	1
USA_64_2009.txt	zero-	1
USA_64_2009.txt	old habits	1
USA_64_2009.txt	arguments	1
USA_64_2009.txt	Treaty	1
USA_64_2009.txt	compact	1
USA_64_2009.txt	strengthen	1
USA_64_2009.txt	call upon	1
USA_64_2009.txt	countries	1
USA_64_2009.txt	Governments	1
USA_64_2009.txt	United Nations	4
USA_64_2009.txt	friends	1
USA_64_2009.txt	front	1
USA_64_2009.txt	Sudan	1
USA_64_2009.txt	Israel	2
USA_64_2009.txt	Palest	1
USA_64_2009.txt	goal	1
USA_64_2009.txt	peace	1
USA_64_2009.txt	us	1
USA_64_2009.txt	human	1
USA_64_2009.txt	dignity	1
USA_64_2009.txt	Assembly	1
USA_64_2009.txt	members	1
USA_64_2009.txt	emissions	1
USA_64_2009.txt	cuts	1
USA_64_2009.txt	hard	1
USA_64_2009.txt	change	1
USA_64_2009.txt	Across	1
USA_64_2009.txt	globe	1
USA_64_2009.txt	effort	1
USA_64_2009.txt	growth	2
USA_64_2009.txt	sustain	1
USA_64_2009.txt	global economy	1
USA_64_2009.txt	democracy	1
USA_64_2009.txt	Organization	1
USA_64_2009.txt	char	1
USA_64_2009.txt	pledge	1
USA_65_2010.txt	honour	1
USA_65_2010.txt	address	1
USA_65_2010.txt	9	1
USA_65_2010.txt	years	1
USA_65_2010.txt		14
USA_65_2010.txt	President Barack	2
USA_65_2010.txt	efforts	2
USA_65_2010.txt	work	1
USA_65_2010.txt	U.S.	1
USA_65_2010.txt	nations	1
USA_65_2010.txt	embrace	1
USA_65_2010.txt	Iran	1
USA_65_2010.txt	N	1
USA_65_2010.txt	major economies	1
USA_65_2010.txt	UN	2
USA_65_2010.txt	Pakistan	1
USA_65_2010.txt	peace process	1
USA_65_2010.txt	Holy Land	1
USA_65_2010.txt	Israel	2
USA_65_2010.txt	settlement	1
USA_65_2010.txt	peace	1
USA_65_2010.txt	Arab Peace Init	1
USA_65_2010.txt	threat	1
USA_65_2010.txt	terror	1
USA_65_2010.txt	turb	1
USA_65_2010.txt	recession	1
USA_65_2010.txt	United States	1
USA_65_2010.txt	human rights	1
USA_65_2010.txt	challenge	1
USA_65_2010.txt	leaders	1
USA_65_2010.txt	abol	1
USA_65_2010.txt	education	1
USA_65_2010.txt	wages	1
USA_65_2010.txt	arc	1
USA_65_2010.txt	human	1
USA_65_2010.txt	free	1
USA_65_2010.txt	open	1
USA_65_2010.txt	democracy	1
USA_65_2010.txt	Group-of-	1
USA_65_2010.txt	innovation	1
USA_65_2010.txt	peacekeeping	1
USA_65_2010.txt	United Nations	1
USA_65_2010.txt	opportunity	1
USA_66_2011.txt	peace	3
USA_66_2011.txt	war	2
USA_66_2011.txt	justice	1
USA_66_2011.txt	U.S.	3
USA_66_2011.txt		15
USA_66_2011.txt	Obama	2
USA_66_2011.txt	office	1
USA_66_2011.txt	10 years ago	1
USA_66_2011.txt	year	1
USA_66_2011.txt	transformation	1
USA_66_2011.txt	CÃ´te d	1
USA_66_2011.txt	Tunisia	1
USA_66_2011.txt	Libya	1
USA_66_2011.txt	dict	1
USA_66_2011.txt	NATO	1
USA_66_2011.txt	remarkable	1
USA_66_2011.txt	corruption	1
USA_66_2011.txt	Syrian	1
USA_66_2011.txt	people	1
USA_66_2011.txt	America	3
USA_66_2011.txt	expect	1
USA_66_2011.txt	independent	1
USA_66_2011.txt	Palest	1
USA_66_2011.txt	efforts	1
USA_66_2011.txt	Israelis	1
USA_66_2011.txt	Israel	1
USA_66_2011.txt	small	1
USA_66_2011.txt	Friends of Israel	1
USA_66_2011.txt	nations	1
USA_66_2011.txt	terrorist	1
USA_66_2011.txt	Iran	1
USA_66_2011.txt	government	1
USA_66_2011.txt	financial crisis	1
USA_66_2011.txt	global	1
USA_66_2011.txt	economy	1
USA_66_2011.txt	drought	1
USA_66_2011.txt	conflict	1
USA_66_2011.txt	President Obama	1
USA_66_2011.txt	climate change	1
USA_66_2011.txt	country	1
USA_66_2011.txt	potential	1
USA_66_2011.txt	G20	1
USA_66_2011.txt	UN	1
USA_66_2011.txt	Secretary-	1
USA_66_2011.txt	together	1
USA_66_2011.txt	resolve	1
USA_67_2012.txt	Chris Stevens	3
USA_67_2012.txt		12
USA_67_2012.txt	attacks	2
USA_67_2012.txt	American	1
USA_67_2012.txt	UN	1
USA_67_2012.txt	vendor	1
USA_67_2012.txt	Tunis	1
USA_67_2012.txt	Libya	1
USA_67_2012.txt	coalition	1
USA_67_2012.txt	Tunisia	1
USA_67_2012.txt	democracy	1
USA_67_2012.txt	hard economic times	1
USA_67_2012.txt	U.S.	2
USA_67_2012.txt	President	1
USA_67_2012.txt	Bar	1
USA_67_2012.txt	speech	1
USA_67_2012.txt	hate	1
USA_67_2012.txt	2012	1
USA_67_2012.txt	events	1
USA_67_2012.txt	past	1
USA_67_2012.txt	marginalize	1
USA_67_2012.txt	America	1
USA_67_2012.txt	world	2
USA_67_2012.txt	impulse	1
USA_67_2012.txt	tolerance	1
USA_67_2012.txt	less than two years	1
USA_67_2012.txt	future	1
USA_67_2012.txt	Islam	1
USA_67_2012.txt	condemn	1
USA_67_2012.txt	Syria	1
USA_67_2012.txt	dict	1
USA_67_2012.txt	Iran	1
USA_67_2012.txt	government	1
USA_67_2012.txt	nuclear-	1
USA_67_2012.txt	Nations	1
USA_67_2012.txt	President Barack	1
USA_67_2012.txt	President Obama	1
USA_67_2012.txt	Obama	1
USA_67_2012.txt	liberty	1
USA_68_2013.txt	United Nations	1
USA_68_2013.txt		27
USA_68_2013.txt	UN	2
USA_68_2013.txt	help	1
USA_68_2013.txt	global economy	1
USA_68_2013.txt	collapse	1
USA_68_2013.txt	U.S.	7
USA_68_2013.txt	world	1
USA_68_2013.txt	stability	1
USA_68_2013.txt	convulsions	1
USA_68_2013.txt	international community	1
USA_68_2013.txt	ban	1
USA_68_2013.txt	chemical weapons	1
USA_68_2013.txt	It	1
USA_68_2013.txt	insult	1
USA_68_2013.txt	agreement	1
USA_68_2013.txt	military action	1
USA_68_2013.txt	President Obama	1
USA_68_2013.txt	aid	1
USA_68_2013.txt	political	1
USA_68_2013.txt	Syria	1
USA_68_2013.txt	Middle	1
USA_68_2013.txt	United States	2
USA_68_2013.txt	diplomatic efforts	1
USA_68_2013.txt	America	3
USA_68_2013.txt	Iran	1
USA_68_2013.txt	John Kerry	1
USA_68_2013.txt	time	1
USA_68_2013.txt	ripe	1
USA_68_2013.txt	President Abbas	1
USA_68_2013.txt	trade	1
USA_68_2013.txt	commerce	1
USA_68_2013.txt	Tunisia	1
USA_68_2013.txt	Mohammed M	1
USA_68_2013.txt	reject	1
USA_68_2013.txt	principles	1
USA_68_2013.txt	Sectarian	1
USA_68_2013.txt	war	1
USA_68_2013.txt	exceptional	1
USA_68_2013.txt	breakdown	1
USA_68_2013.txt	societies	1
USA_68_2013.txt	Mali	1
USA_68_2013.txt	France	1
USA_68_2013.txt	critics	1
USA_68_2013.txt	argue	1
USA_68_2013.txt	sovereignt	1
USA_68_2013.txt	extraordinary	1
USA_68_2013.txt	eradicating	1
USA_68_2013.txt	Nelson Mandela	1
USA_68_2013.txt	community	1
USA_68_2013.txt	nations	1
USA_69_2014.txt	war	1
USA_69_2014.txt	peace	1
USA_69_2014.txt		18
USA_69_2014.txt	President Barack	1
USA_69_2014.txt	UN	2
USA_69_2014.txt	Secretary-	1
USA_69_2014.txt	United Nations	1
USA_69_2014.txt	nations	2
USA_69_2014.txt	Russia	1
USA_69_2014.txt	Ukraine	1
USA_69_2014.txt	America	7
USA_69_2014.txt	stand	1
USA_69_2014.txt	ceasefire	1
USA_69_2014.txt	U.S.	1
USA_69_2014.txt	diplomatic	1
USA_69_2014.txt	development	1
USA_69_2014.txt	reductions	1
USA_69_2014.txt	terrorism	1
USA_69_2014.txt	foreign policy	1
USA_69_2014.txt	clash	1
USA_69_2014.txt	civil	3
USA_69_2014.txt	Islamic State	1
USA_69_2014.txt	United States	1
USA_69_2014.txt	coalition	1
USA_69_2014.txt	compact	1
USA_69_2014.txt	religions	1
USA_69_2014.txt	Security Council	1
USA_69_2014.txt	resolution	1
USA_69_2014.txt	sectarian conflict	1
USA_69_2014.txt	Syria	2
USA_69_2014.txt	madness	1
USA_69_2014.txt	Muslim world	1
USA_69_2014.txt	young people	2
USA_69_2014.txt	rejecting	1
USA_69_2014.txt	sect	1
USA_69_2014.txt	We	1
USA_69_2014.txt	lift	1
USA_69_2014.txt	President Obama	1
USA_69_2014.txt	critics	1
USA_69_2014.txt	past	1
USA_69_2014.txt	positive change	1
USA_69_2014.txt	CNN	1
USA_69_2014.txt	.	1
USA_70_2015.txt	United Nations	2
USA_70_2015.txt		20
USA_70_2015.txt	international order	2
USA_70_2015.txt	strongmen	1
USA_70_2015.txt	States	1
USA_70_2015.txt	Charter of the	1
USA_70_2015.txt	U.S.	5
USA_70_2015.txt	military	1
USA_70_2015.txt	strong	1
USA_70_2015.txt	Iraq	1
USA_70_2015.txt	dictatorships	1
USA_70_2015.txt	prosperity	1
USA_70_2015.txt	UN	2
USA_70_2015.txt	founded	1
USA_70_2015.txt	Russia	1
USA_70_2015.txt	Crime	1
USA_70_2015.txt	Ukraine	1
USA_70_2015.txt	acknowledge	1
USA_70_2015.txt	Cuba	1
USA_70_2015.txt	cooperation	1
USA_70_2015.txt	Iran	1
USA_70_2015.txt	people	2
USA_70_2015.txt	Syria	1
USA_70_2015.txt	international	1
USA_70_2015.txt	apocalyptic	1
USA_70_2015.txt	bloodshed	1
USA_70_2015.txt	nation	1
USA_70_2015.txt	immigrants	1
USA_70_2015.txt	commitments	1
USA_70_2015.txt	SD	1
USA_70_2015.txt	eradicate	1
USA_70_2015.txt	climate change	1
USA_70_2015.txt	democracy	2
USA_70_2015.txt	Government	1
USA_70_2015.txt	girls	1
USA_70_2015.txt	school	1
USA_70_2015.txt	America	1
USA_70_2015.txt	mature democr	1
USA_70_2015.txt	understand	1
USA_70_2015.txt	ideas	1
USA_71_2016	financial crisis	1
USA_71_2016		23
USA_71_2016	work	1
USA_71_2016	people	2
USA_71_2016	quarter	1
USA_71_2016	century	1
USA_71_2016	open markets	1
USA_71_2016	account	1
USA_71_2016	person	1
USA_71_2016	born	1
USA_71_2016	democracy	1
USA_71_2016	acknowledge	1
USA_71_2016	problems	1
USA_71_2016	answer	1
USA_71_2016	global integration	2
USA_71_2016	globalization	1
USA_71_2016	technology	1
USA_71_2016	world	2
USA_71_2016	humank	1
USA_71_2016	central planning	1
USA_71_2016	recession	1
USA_71_2016	U.S.	2
USA_71_2016	benefit	1
USA_71_2016	Paris Agreement	1
USA_71_2016	liberal	1
USA_71_2016	liberal democracy	1
USA_71_2016	economies	1
USA_71_2016	growth	1
USA_71_2016	Ukraine	1
USA_71_2016	Europe	1
USA_71_2016	Bruss	1
USA_71_2016	fundamentalism	1
USA_71_2016	culture	1
USA_71_2016	progress	1
USA_71_2016	identity	2
USA_71_2016	sectarianism	1
USA_71_2016	We	1
USA_71_2016	insists	1
USA_71_2016	small	1
USA_71_2016	Israel	1
USA_71_2016	Palest	1
USA_71_2016	America	1
USA_71_2016	power	1
USA_71_2016	international capacity	1
USA_71_2016	eliminate	1
USA_71_2016	Russia	1
USA_71_2016	interference	1
USA_71_2016	stakeholders	1
USA_71_2016	nations	1
USA_71_2016	right	1
USA_71_2016	big	1
USA_71_2016	countries	1
USA_71_2016	human beings	1
USA_71_2016	en	1
USA_71_2016	spirit	1
USA_71_2016	young	1
USA_71_2016	Americans	1
USA_71_2016	entrepre	1
USA_71_2016	President	1
USA_71_2016	co-workers	1
